"Bib","Firstname","Surname","NameFormatted","Gender","Nation","Club","Team","ClubTeamFormatted","Chips","EventName","ClassName","GroupdName","RaceName","PointName","PointNumber","Lap","Status","Communique","Penalty","PassingTime","AccumulatedTime","TimeFormatted","NetTime","NetTimeFormatted","TimeSmoothed","TimeSmoothedFormatted","LapTime","LapTimeFormatted","LapNetTime","LapNetTimeFormatted","LapTimeSmoothed","RankTotal","DiffTimeTotal","DiffTimeTotalFormatted","DiffRoundsTotal","RankClass","DiffTimeClass","DiffTimeClassFormatted","DiffRoundsClass","RankGender","DiffTimeGender","DiffTimeGenderFormatted","DiffRoundsGender","Starttime","StarttimeFormatted","Wavestart","WavestartFormatted","IOC Code","SplitTime","SplitRankTotal","SplitRankGender","SplitRankClass","TrendTotal","TrendGender","TrendClass","Region","Points","SplitKm","SplitSpeed","RoleKm", "RoleFinish","ValidationTime","ValidationTimeFormatted"
7,"Edvard","Vea Iversen","Edvard Vea Iversen","M","NO","","","TERRÅK","3199445;;","Harstad Enduro Race 2019_FE3","M Sport 17- 39","Harstad Enduro 5 etapper","Harstad Enduro 2019 5 etapper","Mål FE3",2,1,"TIME","","","2019-08-25T12:36:17.1320000",235500,"3:55.5",235500,"3:55.5",235500,"2019-08-25T12:36:17.1320000",235500,"3:55.5",235500,"3:55.5",235500,2,3000,"0:03.0",0,1,0,"0:00.0",0,2,3000,"0:03.0",0,"2019-08-25T12:32:21.627000","12:32:21","","","NOR",235500,0,0,0,0,0,0,"",0,0,0,0,"True",0,0,"3:55.5",0,"no",0,""
61,"Martin","Klette","Martin Klette","M","NO","","","BODØ","4048112;;","Harstad Enduro Race 2019_FE3","M Sport 17- 39","Harstad Enduro 5 etapper","Harstad Enduro 2019 5 etapper","Mål FE3",2,1,"TIME","","","2019-08-25T12:36:08.1740000",244700,"4:04.7",244700,"4:04.7",244700,"2019-08-25T12:36:08.1740000",244700,"4:04.7",244700,"4:04.7",244700,4,12200,"0:12.2",0,2,9200,"0:09.2",0,4,12200,"0:12.2",0,"2019-08-25T12:32:03.422000","12:32:03","","","NOR",244700,0,0,0,0,0,0,"",0,0,0,0,"True",0,0,"4:04.7",0,"no",0,""
43,"Einar","Frønum","Einar Frønum","M","NO","Harstad CK","","Harstad CK","3925351;;","Harstad Enduro Race 2019_FE3","M Sport 17- 39","Harstad Enduro 5 etapper","Harstad Enduro 2019 5 etapper","Mål FE3",2,1,"TIME","","","2019-08-25T12:50:35.0320000",245600,"4:05.6",245600,"4:05.6",245600,"2019-08-25T12:50:35.0320000",245600,"4:05.6",245600,"4:05.6",245600,5,13100,"0:13.1",0,3,10100,"0:10.1",0,5,13100,"0:13.1",0,"2019-08-25T12:46:29.339000","12:46:29","","","NOR",245600,0,0,0,0,0,0,"NCF Region Nord",0,0,0,0,"True",0,0,"4:05.6",0,"no",0,""
16,"Christoffer Borge","Olsen","Christoffer Borge Olsen","M","NO","Aron Skiklubb","","Aron Skiklubb","3198744;;","Harstad Enduro Race 2019_FE3","M Sport 17- 39","Harstad Enduro 5 etapper","Harstad Enduro 2019 5 etapper","Mål FE3",2,1,"TIME","","","2019-08-25T12:38:50.8150000",249500,"4:09.5",249500,"4:09.5",249500,"2019-08-25T12:38:50.8150000",249500,"4:09.5",249500,"4:09.5",249500,6,17000,"0:17.0",0,4,14000,"0:14.0",0,6,17000,"0:17.0",0,"2019-08-25T12:34:41.309000","12:34:41","","","NOR",249500,0,0,0,0,0,0,"NCF Region TeVeBu",0,0,0,0,"True",0,0,"4:09.5",0,"no",0,""
66,"Håvard","Torvanger","Håvard Torvanger","M","NO","Harstad CK","","Harstad CK","4045910;;","Harstad Enduro Race 2019_FE3","M Sport 17- 39","Harstad Enduro 5 etapper","Harstad Enduro 2019 5 etapper","Mål FE3",2,1,"TIME","","","2019-08-25T12:48:33.0280000",251200,"4:11.2",251200,"4:11.2",251200,"2019-08-25T12:48:33.0280000",251200,"4:11.2",251200,"4:11.2",251200,7,18700,"0:18.7",0,5,15700,"0:15.7",0,7,18700,"0:18.7",0,"2019-08-25T12:44:21.774000","12:44:21","","","NOR",251200,0,0,0,0,0,0,"NCF Region Nord",0,0,0,0,"True",0,0,"4:11.2",0,"no",0,""
10,"Vidar","Wensel","Vidar Wensel","M","NO","Senja CK","","Senja CK / Enduro","3197001;;","Harstad Enduro Race 2019_FE3","M Sport 17- 39","Harstad Enduro 5 etapper","Harstad Enduro 2019 5 etapper","Mål FE3",2,1,"TIME","","","2019-08-25T12:40:12.5750000",251800,"4:11.8",251800,"4:11.8",251800,"2019-08-25T12:40:12.5750000",251800,"4:11.8",251800,"4:11.8",251800,8,19300,"0:19.3",0,6,16300,"0:16.3",0,8,19300,"0:19.3",0,"2019-08-25T12:36:00.759000","12:36:00","","","NOR",251800,0,0,0,0,0,0,"NCF Region Nord",0,0,0,0,"True",0,0,"4:11.8",0,"no",0,""
34,"Tord","Nese","Tord Nese","M","NO","","","Tromsø Enduro/Bjørn Bygg","3926326;;","Harstad Enduro Race 2019_FE3","M Sport 17- 39","Harstad Enduro 5 etapper","Harstad Enduro 2019 5 etapper","Mål FE3",2,1,"TIME","","","2019-08-25T12:49:14.9890000",254100,"4:14.1",254100,"4:14.1",254100,"2019-08-25T12:49:14.9890000",254100,"4:14.1",254100,"4:14.1",254100,10,21600,"0:21.6",0,7,18600,"0:18.6",0,10,21600,"0:21.6",0,"2019-08-25T12:45:00.797000","12:45:00","","","NOR",254100,0,0,0,0,0,0,"",0,0,0,0,"True",0,0,"4:14.1",0,"no",0,""
58,"Rickard","Wessberg","Rickard Wessberg","M","SE","","","Consto Nord","4045480;;","Harstad Enduro Race 2019_FE3","M Sport 17- 39","Harstad Enduro 5 etapper","Harstad Enduro 2019 5 etapper","Mål FE3",2,1,"TIME","","","2019-08-25T12:49:39.2370000",258000,"4:18.0",258000,"4:18.0",258000,"2019-08-25T12:49:39.2370000",258000,"4:18.0",258000,"4:18.0",258000,11,25500,"0:25.5",0,8,22500,"0:22.5",0,11,25500,"0:25.5",0,"2019-08-25T12:45:21.235000","12:45:21","","","SWE",258000,0,0,0,0,0,0,"",0,0,0,0,"True",0,0,"4:18.0",0,"se",0,""
40,"Ole-Martin","Kjellmo","Ole-Martin Kjellmo","M","NO","","","BARDUFOSS","3926599;;","Harstad Enduro Race 2019_FE3","M Sport 17- 39","Harstad Enduro 5 etapper","Harstad Enduro 2019 5 etapper","Mål FE3",2,1,"TIME","","","2019-08-25T12:40:03.1760000",261500,"4:21.5",261500,"4:21.5",261500,"2019-08-25T12:40:03.1760000",261500,"4:21.5",261500,"4:21.5",261500,12,29000,"0:29.0",0,9,26000,"0:26.0",0,12,29000,"0:29.0",0,"2019-08-25T12:35:41.676000","12:35:41","","","NOR",261500,0,0,0,0,0,0,"",0,0,0,0,"True",0,0,"4:21.5",0,"no",0,""
26,"Lasse","Gammel","Lasse Gammel","M","NO","","","KVALØYA","3925377;;","Harstad Enduro Race 2019_FE3","M Sport 17- 39","Harstad Enduro 5 etapper","Harstad Enduro 2019 5 etapper","Mål FE3",2,1,"TIME","","","2019-08-25T12:37:01.8050000",262000,"4:22.0",262000,"4:22.0",262000,"2019-08-25T12:37:01.8050000",262000,"4:22.0",262000,"4:22.0",262000,13,29500,"0:29.5",0,10,26500,"0:26.5",0,13,29500,"0:29.5",0,"2019-08-25T12:32:39.742000","12:32:39","","","NOR",262000,0,0,0,0,0,0,"",0,0,0,0,"True",0,0,"4:22.0",0,"no",0,""
35,"Amund","Korvald","Amund Korvald","M","NO","","","SOGNDAL","3928090;;","Harstad Enduro Race 2019_FE3","M Sport 17- 39","Harstad Enduro 5 etapper","Harstad Enduro 2019 5 etapper","Mål FE3",2,1,"TIME","","","2019-08-25T12:37:27.7410000",266100,"4:26.1",266100,"4:26.1",266100,"2019-08-25T12:37:27.7410000",266100,"4:26.1",266100,"4:26.1",266100,14,33600,"0:33.6",0,11,30600,"0:30.6",0,14,33600,"0:33.6",0,"2019-08-25T12:33:01.616000","12:33:01","","","NOR",266100,0,0,0,0,0,0,"",0,0,0,0,"True",0,0,"4:26.1",0,"no",0,""
81,"Armands","Zarins","Armands Zarins","M","LV","","","Velosolutions we Build Parks","4047502;;","Harstad Enduro Race 2019_FE3","M Sport 17- 39","Harstad Enduro 5 etapper","Harstad Enduro 2019 5 etapper","Mål FE3",2,1,"TIME","","","2019-08-25T12:47:50.1160000",268400,"4:28.4",268400,"4:28.4",268400,"2019-08-25T12:47:50.1160000",268400,"4:28.4",268400,"4:28.4",268400,15,35900,"0:35.9",0,12,32900,"0:32.9",0,15,35900,"0:35.9",0,"2019-08-25T12:43:21.675000","12:43:21","","","LAT",268400,0,0,0,0,0,0,"",0,0,0,0,"True",0,0,"4:28.4",0,"lv",0,""
17,"Knut","Joramo","Knut Joramo","M","NO","","","Bardufoss","3198942;;","Harstad Enduro Race 2019_FE3","M Sport 17- 39","Harstad Enduro 5 etapper","Harstad Enduro 2019 5 etapper","Mål FE3",2,1,"TIME","","","2019-08-25T12:41:09.1060000",268700,"4:28.7",268700,"4:28.7",268700,"2019-08-25T12:41:09.1060000",268700,"4:28.7",268700,"4:28.7",268700,16,36200,"0:36.2",0,13,33200,"0:33.2",0,16,36200,"0:36.2",0,"2019-08-25T12:36:40.347000","12:36:40","","","NOR",268700,0,0,0,0,0,0,"",0,0,0,0,"True",0,0,"4:28.7",0,"no",0,""
12,"Martin","Liane","Martin Liane","M","NO","Harstad CK","","Harstad CK","3197407;;","Harstad Enduro Race 2019_FE3","M Sport 17- 39","Harstad Enduro 5 etapper","Harstad Enduro 2019 5 etapper","Mål FE3",2,1,"TIME","","","2019-08-25T12:39:31.3570000",269900,"4:29.9",269900,"4:29.9",269900,"2019-08-25T12:39:31.3570000",269900,"4:29.9",269900,"4:29.9",269900,17,37400,"0:37.4",0,14,34400,"0:34.4",0,17,37400,"0:37.4",0,"2019-08-25T12:35:01.417000","12:35:01","","","NOR",269900,0,0,0,0,0,0,"NCF Region Nord",0,0,0,0,"True",0,0,"4:29.9",0,"no",0,""
3,"Carles","Debart","Carles Debart","M","ES","","","TROMSØ","3194149;;","Harstad Enduro Race 2019_FE3","M Sport 17- 39","Harstad Enduro 5 etapper","Harstad Enduro 2019 5 etapper","Mål FE3",2,1,"TIME","","","2019-08-25T12:40:52.8310000",270600,"4:30.6",270600,"4:30.6",270600,"2019-08-25T12:40:52.8310000",270600,"4:30.6",270600,"4:30.6",270600,18,38100,"0:38.1",0,15,35100,"0:35.1",0,18,38100,"0:38.1",0,"2019-08-25T12:36:22.141000","12:36:22","","","ESP",270600,0,0,0,0,0,0,"",0,0,0,0,"True",0,0,"4:30.6",0,"es",0,""
32,"Joakim","Sletten","Joakim Sletten","M","NO","","","Multiconsult Bil Nord","3926292;;","Harstad Enduro Race 2019_FE3","M Sport 17- 39","Harstad Enduro 5 etapper","Harstad Enduro 2019 5 etapper","Mål FE3",2,1,"TIME","","","2019-08-25T12:37:56.4560000",274800,"4:34.8",274800,"4:34.8",274800,"2019-08-25T12:37:56.4560000",274800,"4:34.8",274800,"4:34.8",274800,20,42300,"0:42.3",0,16,39300,"0:39.3",0,20,42300,"0:42.3",0,"2019-08-25T12:33:21.576000","12:33:21","","","NOR",274800,0,0,0,0,0,0,"",0,0,0,0,"True",0,0,"4:34.8",0,"no",0,""
1,"Stian","Hallén","Stian Hallén","M","NO","","","HARSTAD","3192614;;","Harstad Enduro Race 2019_FE3","M Sport 17- 39","Harstad Enduro 5 etapper","Harstad Enduro 2019 5 etapper","Mål FE3",2,1,"TIME","","","2019-08-25T12:45:16.5210000",276400,"4:36.4",276400,"4:36.4",276400,"2019-08-25T12:45:16.5210000",276400,"4:36.4",276400,"4:36.4",276400,21,43900,"0:43.9",0,17,40900,"0:40.9",0,21,43900,"0:43.9",0,"2019-08-25T12:40:40.083000","12:40:40","","","NOR",276400,0,0,0,0,0,0,"",0,0,0,0,"True",0,0,"4:36.4",0,"no",0,""
18,"Trond","Kleven","Trond Kleven","M","NO","Harstad CK","","Harstad CK / Noclue","3198991;;","Harstad Enduro Race 2019_FE3","M Sport 17- 39","Harstad Enduro 5 etapper","Harstad Enduro 2019 5 etapper","Mål FE3",2,1,"TIME","","","2019-08-25T12:51:58.5480000",277000,"4:37.0",277000,"4:37.0",277000,"2019-08-25T12:51:58.5480000",277000,"4:37.0",277000,"4:37.0",277000,23,44500,"0:44.5",0,18,41500,"0:41.5",0,23,44500,"0:44.5",0,"2019-08-25T12:47:21.483000","12:47:21","","","NOR",277000,0,0,0,0,0,0,"NCF Region Nord",0,0,0,0,"True",0,0,"4:37.0",0,"no",0,""
4,"Martin","Venås","Martin Venås","M","NO","","","TROMSØ","3194388;;","Harstad Enduro Race 2019_FE3","M Sport 17- 39","Harstad Enduro 5 etapper","Harstad Enduro 2019 5 etapper","Mål FE3",2,1,"TIME","","","2019-08-25T12:38:21.8710000",280600,"4:40.6",280600,"4:40.6",280600,"2019-08-25T12:38:21.8710000",280600,"4:40.6",280600,"4:40.6",280600,25,48100,"0:48.1",0,19,45100,"0:45.1",0,25,48100,"0:48.1",0,"2019-08-25T12:33:41.241000","12:33:41","","","NOR",280600,0,0,0,0,0,0,"",0,0,0,0,"True",0,0,"4:40.6",0,"no",0,""
54,"Stian","Gjelsvik","Stian Gjelsvik","M","NO","","","KONGSBERG","4043626;;","Harstad Enduro Race 2019_FE3","M Sport 17- 39","Harstad Enduro 5 etapper","Harstad Enduro 2019 5 etapper","Mål FE3",2,1,"TIME","","","2019-08-25T12:42:24.9940000",283100,"4:43.1",283100,"4:43.1",283100,"2019-08-25T12:42:24.9940000",283100,"4:43.1",283100,"4:43.1",283100,27,50600,"0:50.6",0,20,47600,"0:47.6",0,27,50600,"0:50.6",0,"2019-08-25T12:37:41.805000","12:37:41","","","NOR",283100,0,0,0,0,0,0,"",0,0,0,0,"True",0,0,"4:43.1",0,"no",0,""
20,"Roger","Berge","Roger Berge","M","NO","","","Harstad Cykleklubb","3191863;;","Harstad Enduro Race 2019_FE3","M Sport 17- 39","Harstad Enduro 5 etapper","Harstad Enduro 2019 5 etapper","Mål FE3",2,1,"TIME","","","2019-08-25T12:53:49.0200000",283600,"4:43.6",283600,"4:43.6",283600,"2019-08-25T12:53:49.0200000",283600,"4:43.6",283600,"4:43.6",283600,28,51100,"0:51.1",0,21,48100,"0:48.1",0,28,51100,"0:51.1",0,"2019-08-25T12:49:05.326000","12:49:05","","","NOR",283600,0,0,0,0,0,0,"",0,0,0,0,"True",0,0,"4:43.6",0,"no",0,""
30,"Tore","Joramo","Tore Joramo","M","NO","","","KARLSTAD","3926946;;","Harstad Enduro Race 2019_FE3","M Sport 17- 39","Harstad Enduro 5 etapper","Harstad Enduro 2019 5 etapper","Mål FE3",2,1,"TIME","","","2019-08-25T12:41:50.0060000",288800,"4:48.8",288800,"4:48.8",288800,"2019-08-25T12:41:50.0060000",288800,"4:48.8",288800,"4:48.8",288800,30,56300,"0:56.3",0,22,53300,"0:53.3",0,30,56300,"0:56.3",0,"2019-08-25T12:37:01.126000","12:37:01","","","NOR",288800,0,0,0,0,0,0,"",0,0,0,0,"True",0,0,"4:48.8",0,"no",0,""
36,"Per Helge","Sæter","Per Helge Sæter","M","NO","","","HARSTAD","3925930;;","Harstad Enduro Race 2019_FE3","M Sport 17- 39","Harstad Enduro 5 etapper","Harstad Enduro 2019 5 etapper","Mål FE3",2,1,"TIME","","","2019-08-25T12:51:30.8230000",289600,"4:49.6",289600,"4:49.6",289600,"2019-08-25T12:51:30.8230000",289600,"4:49.6",289600,"4:49.6",289600,31,57100,"0:57.1",0,23,54100,"0:54.1",0,31,57100,"0:57.1",0,"2019-08-25T12:46:41.131000","12:46:41","","","NOR",289600,0,0,0,0,0,0,"",0,0,0,0,"True",0,0,"4:49.6",0,"no",0,""
22,"Aleksander","Dysterud","Aleksander Dysterud","M","NO","","","Harstad Cyckleklubb","3201746;;","Harstad Enduro Race 2019_FE3","M Sport 17- 39","Harstad Enduro 5 etapper","Harstad Enduro 2019 5 etapper","Mål FE3",2,1,"TIME","","","2019-08-25T12:54:16.1760000",294800,"4:54.8",294800,"4:54.8",294800,"2019-08-25T12:54:16.1760000",294800,"4:54.8",294800,"4:54.8",294800,34,62300,"1:02.3",0,24,59300,"0:59.3",0,34,62300,"1:02.3",0,"2019-08-25T12:49:21.301000","12:49:21","","","NOR",294800,0,0,0,0,0,0,"",0,0,0,0,"True",0,0,"4:54.8",0,"no",0,""
63,"Stian","Nesslund Pedersen","Stian Nesslund Pedersen","M","NO","","","HARSTAD","4043550;;","Harstad Enduro Race 2019_FE3","M Sport 17- 39","Harstad Enduro 5 etapper","Harstad Enduro 2019 5 etapper","Mål FE3",2,1,"TIME","","","2019-08-25T12:51:57.2350000",296200,"4:56.2",296200,"4:56.2",296200,"2019-08-25T12:51:57.2350000",296200,"4:56.2",296200,"4:56.2",296200,35,63700,"1:03.7",0,25,60700,"1:00.7",0,35,63700,"1:03.7",0,"2019-08-25T12:47:00.984000","12:47:00","","","NOR",296200,0,0,0,0,0,0,"",0,0,0,0,"True",0,0,"4:56.2",0,"no",0,""
15,"Bjørn-Tore","Wik","Bjørn-Tore Wik","M","NO","Harstad CK","","Harstad CK","3198553;;","Harstad Enduro Race 2019_FE3","M Sport 17- 39","Harstad Enduro 5 etapper","Harstad Enduro 2019 5 etapper","Mål FE3",2,1,"TIME","","","2019-08-25T12:42:21.3250000",299400,"4:59.4",299400,"4:59.4",299400,"2019-08-25T12:42:21.3250000",299400,"4:59.4",299400,"4:59.4",299400,36,66900,"1:06.9",0,26,63900,"1:03.9",0,36,66900,"1:06.9",0,"2019-08-25T12:37:21.884000","12:37:21","","","NOR",299400,0,0,0,0,0,0,"NCF Region Nord",0,0,0,0,"True",0,0,"4:59.4",0,"no",0,""
29,"Eirik","Djønne","Eirik Djønne","M","NO","","","HARSTAD","3925807;;","Harstad Enduro Race 2019_FE3","M Sport 17- 39","Harstad Enduro 5 etapper","Harstad Enduro 2019 5 etapper","Mål FE3",2,1,"TIME","","","2019-08-25T12:46:06.2960000",306500,"5:06.5",306500,"5:06.5",306500,"2019-08-25T12:46:06.2960000",306500,"5:06.5",306500,"5:06.5",306500,39,74000,"1:14.0",0,27,71000,"1:11.0",0,39,74000,"1:14.0",0,"2019-08-25T12:40:59.795000","12:40:59","","","NOR",306500,0,0,0,0,0,0,"",0,0,0,0,"True",0,0,"5:06.5",0,"no",0,""
65,"Fredrik","Leonhardsen","Fredrik Leonhardsen","M","NO","","","HARSTAD","4048294;;","Harstad Enduro Race 2019_FE3","M Sport 17- 39","Harstad Enduro 5 etapper","Harstad Enduro 2019 5 etapper","Mål FE3",2,1,"TIME","","","2019-08-25T12:53:09.9770000",309200,"5:09.2",309200,"5:09.2",309200,"2019-08-25T12:53:09.9770000",309200,"5:09.2",309200,"5:09.2",309200,41,76700,"1:16.7",0,28,73700,"1:13.7",0,40,76700,"1:16.7",0,"2019-08-25T12:48:00.726000","12:48:00","","","NOR",309200,0,0,0,0,0,0,"",0,0,0,0,"True",0,0,"5:09.2",0,"no",0,""
47,"Knut-Geir","Aga","Knut-Geir Aga","M","NO","","","Team MDK","3601390;;","Harstad Enduro Race 2019_FE3","M Sport 17- 39","Harstad Enduro 5 etapper","Harstad Enduro 2019 5 etapper","Mål FE3",2,1,"TIME","","","2019-08-25T12:50:51.5360000",309600,"5:09.6",309600,"5:09.6",309600,"2019-08-25T12:50:51.5360000",309600,"5:09.6",309600,"5:09.6",309600,42,77100,"1:17.1",0,29,74100,"1:14.1",0,41,77100,"1:17.1",0,"2019-08-25T12:45:41.847000","12:45:41","","","NOR",309600,0,0,0,0,0,0,"",0,0,0,0,"True",0,0,"5:09.6",0,"no",0,""
44,"Trym","Slyngstad","Trym Slyngstad","M","NO","","","HARSTAD","3599461;;","Harstad Enduro Race 2019_FE3","M Sport 17- 39","Harstad Enduro 5 etapper","Harstad Enduro 2019 5 etapper","Mål FE3",2,1,"TIME","","","2019-08-25T12:52:55.7070000",314500,"5:14.5",314500,"5:14.5",314500,"2019-08-25T12:52:55.7070000",314500,"5:14.5",314500,"5:14.5",314500,43,82000,"1:22.0",0,30,79000,"1:19.0",0,42,82000,"1:22.0",0,"2019-08-25T12:47:41.145000","12:47:41","","","NOR",314500,0,0,0,0,0,0,"",0,0,0,0,"True",0,0,"5:14.5",0,"no",0,""
55,"Andreas","Mikkelsen","Andreas Mikkelsen","M","NO","Tromsø CK","","Tromsø CK / Andreas Mikkelsen","4047635;;","Harstad Enduro Race 2019_FE3","M Sport 17- 39","Harstad Enduro 5 etapper","Harstad Enduro 2019 5 etapper","Mål FE3",2,1,"TIME","","","2019-08-25T12:51:18.6040000",316700,"5:16.7",316700,"5:16.7",316700,"2019-08-25T12:51:18.6040000",316700,"5:16.7",316700,"5:16.7",316700,44,84200,"1:24.2",0,31,81200,"1:21.2",0,43,84200,"1:24.2",0,"2019-08-25T12:46:01.855000","12:46:01","","","NOR",316700,0,0,0,0,0,0,"NCF Region Nord",0,0,0,0,"True",0,0,"5:16.7",0,"no",0,""
49,"Gaute","Sandnes","Gaute Sandnes","M","NO","","","TROMSDALEN","3604741;;","Harstad Enduro Race 2019_FE3","M Sport 17- 39","Harstad Enduro 5 etapper","Harstad Enduro 2019 5 etapper","Mål FE3",2,1,"TIME","","","2019-08-25T12:39:28.2000000",326400,"5:26.4",326400,"5:26.4",326400,"2019-08-25T12:39:28.2000000",326400,"5:26.4",326400,"5:26.4",326400,46,93900,"1:33.9",0,32,90900,"1:30.9",0,45,93900,"1:33.9",0,"2019-08-25T12:34:01.762000","12:34:01","","","NOR",326400,0,0,0,0,0,0,"",0,0,0,0,"True",0,0,"5:26.4",0,"no",0,""
11,"Stian Kristoffer","Evensen","Stian Kristoffer Evensen","M","NO","Harstad CK","","Harstad CK","3197217;;","Harstad Enduro Race 2019_FE3","M Sport 17- 39","Harstad Enduro 5 etapper","Harstad Enduro 2019 5 etapper","Mål FE3",2,1,"TIME","","","2019-08-25T12:49:18.7470000",337400,"5:37.4",337400,"5:37.4",337400,"2019-08-25T12:49:18.7470000",337400,"5:37.4",337400,"5:37.4",337400,47,104900,"1:44.9",0,33,101900,"1:41.9",0,46,104900,"1:44.9",0,"2019-08-25T12:43:41.303000","12:43:41","","","NOR",337400,0,0,0,0,0,0,"NCF Region Nord",0,0,0,0,"True",0,0,"5:37.4",0,"no",0,""
45,"Håvar","Marsteen","Håvar Marsteen","M","NO","","","TROMSØ","3600533;;","Harstad Enduro Race 2019_FE3","M Sport 17- 39","Harstad Enduro 5 etapper","Harstad Enduro 2019 5 etapper","Mål FE3",2,1,"TIME","","","2019-08-25T12:47:01.9020000",340900,"5:40.9",340900,"5:40.9",340900,"2019-08-25T12:47:01.9020000",340900,"5:40.9",340900,"5:40.9",340900,49,108400,"1:48.4",0,34,105400,"1:45.4",0,47,108400,"1:48.4",0,"2019-08-25T12:41:20.959000","12:41:20","","","NOR",340900,0,0,0,0,0,0,"",0,0,0,0,"True",0,0,"5:40.9",0,"no",0,""
53,"Thomas","Backer-Grøndahl","Thomas Backer-Grøndahl","M","NO","","","HARSTAD","3613601;;","Harstad Enduro Race 2019_FE3","M Sport 17- 39","Harstad Enduro 5 etapper","Harstad Enduro 2019 5 etapper","Mål FE3",2,1,"TIME","","","2019-08-25T12:47:48.8980000",347900,"5:47.9",347900,"5:47.9",347900,"2019-08-25T12:47:48.8980000",347900,"5:47.9",347900,"5:47.9",347900,50,115400,"1:55.4",0,35,112400,"1:52.4",0,48,115400,"1:55.4",0,"2019-08-25T12:42:00.904000","12:42:00","","","NOR",347900,0,0,0,0,0,0,"",0,0,0,0,"True",0,0,"5:47.9",0,"no",0,""
38,"Marius","Markussen","Marius Markussen","M","NO","","","#Pappakroppen","3927159;;","Harstad Enduro Race 2019_FE3","M Sport 17- 39","Harstad Enduro 5 etapper","Harstad Enduro 2019 5 etapper","Mål FE3",2,1,"TIME","","","2019-08-25T12:47:43.3520000",361800,"6:01.8",361800,"6:01.8",361800,"2019-08-25T12:47:43.3520000",361800,"6:01.8",361800,"6:01.8",361800,54,129300,"2:09.3",0,36,126300,"2:06.3",0,52,129300,"2:09.3",0,"2019-08-25T12:41:41.539000","12:41:41","","","NOR",361800,0,0,0,0,0,0,"",0,0,0,0,"True",0,0,"6:01.8",0,"no",0,""
60,"Jahn-Erik","Solheim","Jahn-Erik Solheim","M","NO","","","HARSTAD","4046215;;","Harstad Enduro Race 2019_FE3","M Sport 17- 39","Harstad Enduro 5 etapper","Harstad Enduro 2019 5 etapper","Mål FE3",2,1,"TIME","","","2019-08-25T12:46:46.6080000",385000,"6:25.0",385000,"6:25.0",385000,"2019-08-25T12:46:46.6080000",385000,"6:25.0",385000,"6:25.0",385000,55,152500,"2:32.5",0,37,149500,"2:29.5",0,53,152500,"2:32.5",0,"2019-08-25T12:40:21.540000","12:40:21","","","NOR",385000,0,0,0,0,0,0,"",0,0,0,0,"True",0,0,"6:25.0",0,"no",0,""
6,"René Christian","Schultz","René Christian Schultz","M","NO","Tromsø CK","","Tromsø CK / René Christian Schultz","3195153;;","Harstad Enduro Race 2019_FE3","M Sport 17- 39","Harstad Enduro 5 etapper","Harstad Enduro 2019 5 etapper","Mål FE3",2,1,"TIME","","","2019-08-25T13:07:43.5690000",1042800,"17:22.8",1042800,"17:22.8",1042800,"2019-08-25T13:07:43.5690000",1042800,"17:22.8",1042800,"17:22.8",1042800,57,810300,"13:30.3",0,38,807300,"13:27.3",0,54,810300,"13:30.3",0,"2019-08-25T12:50:20.765000","12:50:20","","","NOR",1042800,0,0,0,0,0,0,"NCF Region Nord",0,0,0,0,"True",0,0,"17:22.8",0,"no",0,""
23,"Jim-André","Andreassen","Jim-André Andreassen","M","NO","","","HARSTAD","3195716;;","Harstad Enduro Race 2019_FE3","M Sport 17- 39","Harstad Enduro 5 etapper","Harstad Enduro 2019 5 etapper","Mål FE3",2,1,"TIME","","","2019-08-25T13:08:07.1140000",1085900,"18:05.9",1085900,"18:05.9",1085900,"2019-08-25T13:08:07.1140000",1085900,"18:05.9",1085900,"18:05.9",1085900,58,853400,"14:13.4",0,39,850400,"14:10.4",0,55,853400,"14:13.4",0,"2019-08-25T12:50:01.123000","12:50:01","","","NOR",1085900,0,0,0,0,0,0,"",0,0,0,0,"True",0,0,"18:05.9",0,"no",0,""
8,"Jonas","Aksmo","Jonas Aksmo","M","NO","Lofoten Ekstremsportklubb","","Lofoten Ekstremsportklubb","3196698;;","Harstad Enduro Race 2019_FE3","M Sport 17- 39","Harstad Enduro 5 etapper","Harstad Enduro 2019 5 etapper","Mål FE3",2,1,"DNS","","","0001-01-01T00:00:00.0000000",0,"0:00.0",0,"0:00.0",0,"0001-01-01T00:00:00.0000000",0,"0:00.0",0,"0:00.0",0,60,-232500,"3:52.5",0,40,-235500,"3:55.5",0,57,-232500,"3:52.5",0,"1970-01-01T00:00:00.000000","00:00:00","","","NOR",0,0,0,0,0,0,0,"NCF Region Nord",0,0,0,0,"True",0,0,"0:00.0",0,"no",0,""
51,"Peder","Sagmo","Peder Sagmo","M","NO","","","Tromsø","3606282;;","Harstad Enduro Race 2019_FE3","M Sport 17- 39","Harstad Enduro 5 etapper","Harstad Enduro 2019 5 etapper","Mål FE3",2,1,"DNS","","","0001-01-01T00:00:00.0000000",0,"0:00.0",0,"0:00.0",0,"0001-01-01T00:00:00.0000000",0,"0:00.0",0,"0:00.0",0,60,-232500,"3:52.5",0,40,-235500,"3:55.5",0,57,-232500,"3:52.5",0,"1970-01-01T00:00:00.000000","00:00:00","","","NOR",0,0,0,0,0,0,0,"",0,0,0,0,"True",0,0,"0:00.0",0,"no",0,""
82,"Janis","Martinsons","Janis Martinsons","M","LV","","","Velosolutions we Build Parks","4047452;;","Harstad Enduro Race 2019_FE3","M Sport 17- 39","Harstad Enduro 5 etapper","Harstad Enduro 2019 5 etapper","Mål FE3",2,1,"DNS","","","0001-01-01T00:00:00.0000000",0,"0:00.0",0,"0:00.0",0,"0001-01-01T00:00:00.0000000",0,"0:00.0",0,"0:00.0",0,60,-232500,"3:52.5",0,40,-235500,"3:55.5",0,57,-232500,"3:52.5",0,"1970-01-01T00:00:00.000000","00:00:00","","","LAT",0,0,0,0,0,0,0,"",0,0,0,0,"True",0,0,"0:00.0",0,"lv",0,""
50,"Sondre","Exposito Holmen","Sondre Exposito Holmen","M","NO","","","Tromsø Enduro","3604873;;","Harstad Enduro Race 2019_FE3","M Sport 17- 39","Harstad Enduro 5 etapper","Harstad Enduro 2019 5 etapper","Mål FE3",2,1,"DNS","","","0001-01-01T00:00:00.0000000",0,"0:00.0",0,"0:00.0",0,"0001-01-01T00:00:00.0000000",0,"0:00.0",0,"0:00.0",0,60,-232500,"3:52.5",0,40,-235500,"3:55.5",0,57,-232500,"3:52.5",0,"1970-01-01T00:00:00.000000","00:00:00","","","NOR",0,0,0,0,0,0,0,"",0,0,0,0,"True",0,0,"0:00.0",0,"no",0,""